,coef,std_err,t,p_value
Intercept,0.5022593979529856,0.001312838774991389,382.5750789210807,0.0
C(group)[T.Q3],0.29745574951610815,0.0018566344008020912,160.2123441144919,0.0
