,coef,std_err,z,p_value
C(group)[T.Q3],0.2974557495161159,0.0003197346164618775,930.320754154507,0.0
Group Var,,,,
Intercept,-0.1277368303939003,,,
