group,predicted_mean_auc
Q2,0.5022593979529856
Q3,0.7997151474690938
