comparison,mean_Q2,mean_Q3,t_stat,p_value
Q2 vs Q3,0.5000272302100599,0.7619408743643856,-136.9711259373787,0.0
