group,pearson_r,r2,p_value
Non-enriched,0.8419586289630561,0.7088943328853491,2.0242706925860057e-269
Brain-Enriched,0.8464351389713324,0.7164524444854188,4.061934638615733e-275
